{"cameraMode":{"drawMode":0,"name":"Shaded","section":"Shading Mode"},"sceneLighting":true,"audioPlay":false,"sceneViewState":{"showFog":true,"showMaterialUpdate":false,"showSkybox":true,"showFlares":true,"showImageEffects":true,"showParticleSystems":true},"in2DMode":false,"pivot":{"x":529.7579956054688,"y":297.75799560546877,"z":-1.3829950094223023},"rotation":{"x":0.010808467864990235,"y":-0.010504184290766716,"z":0.00011413978791097179,"w":0.9998899698257446},"size":2007.6055908203125,"orthographic":false}