{"cameraMode":{"drawMode":0,"name":"Shaded","section":"Shading Mode"},"sceneLighting":true,"audioPlay":false,"sceneViewState":{"showFog":false,"showMaterialUpdate":false,"showSkybox":false,"showFlares":false,"showImageEffects":false,"showParticleSystems":false},"in2DMode":false,"pivot":{"x":9.500014305114746,"y":-0.5,"z":-10.550140380859375},"rotation":{"x":0.15590064227581025,"y":0.8233637809753418,"z":-0.27102789282798769,"w":0.47361600399017336},"size":34.240501403808597,"orthographic":true}