{"cameraMode":{"drawMode":0,"name":"Shaded","section":"Shading Mode"},"sceneLighting":true,"audioPlay":false,"sceneViewState":{"showFog":true,"showMaterialUpdate":false,"showSkybox":true,"showFlares":true,"showImageEffects":true,"showParticleSystems":true},"in2DMode":false,"pivot":{"x":11.751558303833008,"y":0.035433024168014529,"z":-11.425296783447266},"rotation":{"x":0.21868595480918885,"y":-0.3929923176765442,"z":0.09682975709438324,"w":0.8879223465919495},"size":3.7258408069610597,"orthographic":false}