{"cameraMode":{"drawMode":0,"name":"Shaded","section":"Shading Mode"},"sceneLighting":true,"audioPlay":false,"sceneViewState":{"showFog":true,"showMaterialUpdate":false,"showSkybox":true,"showFlares":true,"showImageEffects":true,"showParticleSystems":true,"showVisualEffectGraphs":true,"m_FxEnabled":true},"in2DMode":false,"pivot":{"x":10.498274803161621,"y":-3.1051249504089357,"z":2.971978187561035},"rotation":{"x":-0.028600817546248437,"y":0.9607445597648621,"z":-0.25384074449539187,"w":-0.10824915766716004},"size":18.19167709350586,"orthographic":false}