{"cameraMode":{"drawMode":0,"name":"Shaded","section":"Shading Mode"},"sceneLighting":true,"audioPlay":false,"sceneViewState":{"m_AlwaysRefresh":false,"showFog":true,"showSkybox":true,"showFlares":true,"showImageEffects":true,"showParticleSystems":true,"showVisualEffectGraphs":true,"m_FxEnabled":true},"in2DMode":false,"pivot":{"x":-10.678060531616211,"y":-4.120552062988281,"z":-1.5465354919433594},"rotation":{"x":0.005626854952424765,"y":-0.9421578645706177,"z":0.3347581923007965,"w":0.015824951231479646},"size":24.69872283935547,"orthographic":true}