{"cameraMode":{"drawMode":0,"name":"Shaded","section":"Shading Mode"},"sceneLighting":false,"audioPlay":false,"sceneViewState":{"m_AlwaysRefresh":false,"showFog":true,"showSkybox":true,"showFlares":true,"showImageEffects":true,"showParticleSystems":true,"showVisualEffectGraphs":true,"m_FxEnabled":true},"in2DMode":false,"pivot":{"x":12.297286987304688,"y":-6.694032669067383,"z":-17.433835983276368},"rotation":{"x":0.29948049783706667,"y":0.5155594944953919,"z":-0.19848516583442689,"w":0.7778923511505127},"size":27.435659408569337,"orthographic":false}